Competitor Name,Industry,Product Description,Marketing Strategy,Financial Summary,Market Share,Strengths,Weaknesses,Recent Updates
TechCorp,Technology,"Cloud computing platform with AI integration, enterprise software solutions, and data analytics tools","Digital-first approach with focus on content marketing, webinars, and developer community engagement","$5.2B revenue, 23% YoY growth, 68% gross margin",15%,"Strong brand recognition, innovative R&D, excellent developer tools, global presence","High pricing, complex onboarding, limited small business features","Launched new AI assistant feature, expanded to Asian markets in Q4 2024"
DataSoft,Technology,"Data management and analytics software, business intelligence tools, ETL solutions","B2B focused with emphasis on enterprise sales, partner channels, and industry events","$3.8B revenue, 18% YoY growth, 72% gross margin",12%,"User-friendly interface, strong customer support, competitive pricing, robust integration ecosystem","Limited AI capabilities, slower innovation cycle, weaker mobile experience","Acquired CloudSync for $500M, released mobile app update"
CloudNet,Technology,"Infrastructure-as-a-Service (IaaS), Platform-as-a-Service (PaaS), serverless computing","Developer-centric marketing, open source contributions, technical documentation focus","$8.1B revenue, 31% YoY growth, 61% gross margin",22%,"Market leader position, extensive service portfolio, strong security features, excellent uptime","Complex pricing model, steep learning curve, vendor lock-in concerns","Introduced quantum computing services, achieved carbon neutrality"
InnovateTech,Technology,"AI/ML platforms, computer vision solutions, natural language processing tools","Thought leadership through research papers, academic partnerships, conference sponsorships","$2.1B revenue, 45% YoY growth, 55% gross margin",8%,"Cutting-edge technology, strong research team, flexible deployment options, competitive performance","Limited market presence, newer brand, smaller partner network","Released breakthrough LLM model, secured $300M funding round"
SecureWare,Cybersecurity,"Endpoint protection, network security, threat intelligence, security orchestration","Fear-based marketing, compliance focus, channel partner program, incident response services","$1.9B revenue, 28% YoY growth, 74% gross margin",9%,"Comprehensive security suite, regulatory compliance expertise, 24/7 support, proven track record","Resource-intensive deployment, higher cost than competitors, complex configuration","Detected and prevented major ransomware campaign, expanded SOC services"
AnalyticsPro,Data Analytics,"Self-service analytics, data visualization, predictive analytics, reporting tools","Freemium model, community-driven growth, educational content, certification programs","$1.5B revenue, 35% YoY growth, 78% gross margin",7%,"Intuitive drag-and-drop interface, strong visualization capabilities, active user community, affordable pricing","Limited big data capabilities, fewer enterprise features, performance issues with large datasets","Introduced AI-powered insights, partnered with major cloud providers"
AutomateFlow,Process Automation,"Robotic process automation (RPA), workflow automation, no-code/low-code platform","Industry-specific solutions marketing, ROI calculators, customer success stories, demos","$980M revenue, 52% YoY growth, 82% gross margin",5%,"Easy to use interface, quick implementation, strong ROI metrics, excellent template library","Limited AI integration, scalability concerns, fewer advanced features","Launched industry-specific templates, achieved SOC 2 compliance"
CollaborateHub,Collaboration Tools,"Team messaging, video conferencing, project management, document collaboration","Product-led growth, viral features, referral programs, integration marketplace","$2.3B revenue, 38% YoY growth, 71% gross margin",10%,"Seamless user experience, strong mobile apps, extensive integrations, competitive free tier","Security concerns for enterprise, limited offline functionality, feature bloat complaints","Added AI meeting summaries, improved enterprise security features"
DataVault,Data Storage,"Cloud storage, backup solutions, disaster recovery, data archiving","Reliability-focused messaging, compliance certifications, white-label solutions, MSP partnerships","$1.7B revenue, 21% YoY growth, 65% gross margin",8%,"High reliability (99.999% uptime), strong encryption, compliance certifications, competitive pricing","Limited collaboration features, slower innovation, basic user interface","Expanded edge storage locations, introduced immutable backup options"
SmartAnalyze,Business Intelligence,"Real-time dashboards, predictive analytics, data mining, custom reporting","Vertical market focus, solution selling, analyst relations, customer advisory boards","$1.2B revenue, 29% YoY growth, 70% gross margin",6%,"Industry-specific solutions, strong predictive capabilities, white-glove service, custom implementations","Higher implementation costs, longer deployment times, requires technical expertise","Won major retail chain contract, released healthcare compliance module"